I (7049) sensors;6875871;U;0.313751;B;994.080994
I (7059) sensors;6885787;A;0;0.027344;0.011719
I (7069) sensors;6895688;A;0;-0.011719;-0.027344
I (7079) sensors;6905709;A;0;-0.011719;0.050781
I (7089) sensors;6915724;A;0;-0.011719;-0.027344
I (7099) sensors;6925712;A;0.035156;-0.011719;0.050781
I (7109) sensors;6935557;A;0;-0.011719;0.011719
I (7119) sensors;6945583;A;0;0.027344;0.011719
I (7129) sensors;6955315;A;0;-0.011719;-0.027344
I (7129) sensors;6961896;U;0.313751;;
I (7129) sensors;6962175;B;994.080994;;
I (7139) sensors;6965686;A;0;0.027344;0.050781
I (7149) sensors;6975578;A;0;-0.011719;-0.027344
I (7159) sensors;6985461;A;0;-0.011719;0.011719
I (7169) sensors;6995798;A;0;-0.011719;0.011719
I (7179) sensors;7005476;A;0;0.027344;0.011719
I (7189) sensors;7015560;A;0;-0.011719;-0.027344
I (7199) sensors;7025384;A;0;-0.011719;0.011719
I (7209) sensors;7035311;A;0;-0.011719;-0.027344
I (7219) sensors;7045354;A;-0.039062;-0.011719;0.011719
I (7229) sensors;7055361;A;0;-0.011719;0.011719
I (7229) sensors;7061912;U;0.314953;;
I (7229) sensors;7063968;B;994.082642;;
I (7239) sensors;7065207;A;0;0.027344;-0.027344
I (7249) sensors;7075405;A;0;-0.011719;0.011719
I (7259) sensors;7085128;A;0;-0.011719;0.011719
I (7269) sensors;7095290;A;0;-0.003906;0.011719
I (7269) sensors;7104765;A;0;-0.003906;-0.027344
I (7289) sensors;7115173;A;0;0.035156;-0.066406
I (7299) sensors;7125206;A;0;0.035156;0.050781
I (7309) sensors;7135197;A;0;0.035156;-0.027344
I (7319) sensors;7145161;A;0.035156;0.027344;0.011719
I (7319) sensors;7155292;A;0;0.027344;-0.027344
I (7329) sensors;7161903;U;0.313751;;
I (7339) sensors;7165257;A;0;-0.011719;0.011719
I (7329) sensors;7165277;B;994.083313;;
I (7349) sensors;7175041;A;0;-0.011719;-0.027344
I (7349) sensors;7185036;A;0;-0.011719;0.011719
I (7369) sensors;7195051;A;0;-0.011719;-0.027344
I (7379) sensors;7204975;A;0;-0.011719;0.011719
I (7389) sensors;7214692;A;0;-0.011719;-0.019531
I (7389) sensors;7224781;A;0;0.027344;0.058594
I (7409) sensors;7234947;A;0;-0.011719;-0.019531
I (7419) sensors;7244910;A;0;-0.011719;0.019531
I (7429) sensors;7254870;A;0;-0.011719;-0.019531
I (7429) sensors;7261902;U;0.313579;;
I (7439) sensors;7264974;A;0;-0.011719;0.019531
I (7429) sensors;7266614;B;994.085022;;
I (7439) sensors;7274998;A;0;-0.011719;0.019531
I (7449) sensors;7284873;A;0;-0.011719;0.019531
I (7469) sensors;7294756;A;0;-0.003906;-0.019531
I (7479) sensors;7304833;A;0;-0.003906;0.019531
I (7479) sensors;7314813;A;0;-0.003906;0.019531
I (7489) sensors;7324353;A;0;-0.003906;-0.019531
I (7509) sensors;7334856;A;0;0.035156;0.019531
I (7509) sensors;7344710;A;0;-0.003906;0.019531
I (7529) sensors;7354622;A;0;0.035156;-0.019531
I (7529) sensors;7361903;U;0.313235;;
I (7539) sensors;7364624;A;0;-0.003906;0.058594
I (7539) sensors;7367824;B;994.082642;;
I (7549) sensors;7374570;A;0;-0.003906;-0.019531
I (7559) sensors;7384575;A;0.035156;-0.003906;0.019531
I (7569) sensors;7394583;A;0;-0.003906;0.019531
I (7569) sensors;7404538;A;0.035156;-0.003906;0.019531
I (7579) sensors;7414690;A;0;0.035156;-0.019531
I (7599) sensors;7424446;A;0;-0.003906;0.019531
I (7599) sensors;7434093;A;0;-0.003906;0.019531
I (7609) sensors;7444447;A;0;-0.003906;0.011719
I (7619) sensors;7454456;A;0;-0.003906;-0.027344
I (7629) sensors;7461906;U;0.313751;;
I (7639) sensors;7464366;A;0;-0.003906;0.011719
I (7639) sensors;7469115;B;994.075989;;
I (7649) sensors;7474523;A;0.035156;-0.003906;-0.027344
I (7649) sensors;7484356;A;0;-0.003906;0.019531
I (7669) sensors;7494339;A;0.035156;-0.003906;-0.019531
I (7669) sensors;7504417;A;0;0.035156;-0.019531
I (7679) sensors;7514370;A;-0.007812;0.035156;-0.019531
I (7689) sensors;7524233;A;-0.007812;0.035156;0.019531
I (7699) sensors;7534245;A;-0.007812;-0.003906;-0.058594
I (7709) sensors;7543910;A;-0.007812;-0.003906;0.019531
I (7719) sensors;7554164;A;-0.007812;-0.003906;0.019531
I (7729) sensors;7563532;U;0.313751;;
I (7729) sensors;7564241;A;-0.007812;-0.003906;0.019531
I (7739) sensors;7570860;B;994.075989;;
I (7739) sensors;7573766;A;-0.007812;0.035156;-0.019531
I (7749) sensors;7583693;A;-0.007812;-0.003906;0.019531
I (7759) sensors;7594056;A;-0.007812;-0.003906;-0.019531
I (7769) sensors;7604083;A;-0.007812;-0.003906;0.019531
I (7779) sensors;7614124;A;-0.007812;-0.003906;-0.019531
I (7789) sensors;7624115;A;-0.046875;-0.003906;0.019531
I (7799) sensors;7633961;A;0;-0.003906;-0.019531
I (7809) sensors;7644059;A;0;0.035156;0.058594
I (7819) sensors;7653900;A;0;-0.003906;-0.019531
I (7829) sensors;7661918;U;0.313579;;
I (7829) sensors;7664085;A;0.035156;-0.003906;0.019531
I (7839) sensors;7672606;B;994.078308;;
I (7839) sensors;7673981;A;0;0.035156;-0.019531
I (7849) sensors;7683872;A;0;-0.003906;0.058594
I (7859) sensors;7693551;A;0;-0.003906;-0.019531
I (7869) sensors;7703675;A;0;-0.003906;0.019531
I (7879) sensors;7713777;A;0;-0.003906;-0.019531
I (7889) sensors;7723798;A;0;-0.003906;0.019531
I (7899) sensors;7733721;A;0;-0.003906;-0.019531
I (7909) sensors;7743767;A;0;-0.003906;0.019531
I (7919) sensors;7753755;A;0;-0.003906;0.019531
I (7929) sensors;7761912;U;0.313922;;
I (7929) sensors;7763731;A;0;-0.003906;0.019531
I (7939) sensors;7773715;A;0;-0.003906;-0.019531
I (7939) sensors;7774057;B;994.079285;;
I (7949) sensors;7783704;A;0;-0.003906;0.019531
I (7959) sensors;7793711;A;0;-0.003906;0.019531
I (7969) sensors;7803390;A;0;-0.003906;0.019531
I (7979) sensors;7813542;A;0;-0.003906;-0.019531
I (7989) sensors;7823586;A;0;-0.003906;0.019531
I (7999) sensors;7833598;A;0;-0.003906;-0.019531
I (8009) sensors;7843535;A;0;-0.003906;0.019531
I (8019) sensors;7853451;A;-0.039062;-0.003906;-0.019531
I (8029) sensors;7861925;U;0.312892;;
I (8029) sensors;7863468;A;0;-0.003906;0.019531
I (8049) sensors;7873435;A;0;-0.003906;-0.019531
I (8039) sensors;7875259;B;994.079285;;
I (8049) sensors;7883428;A;0;0.035156;0.019531
I (8059) sensors;7893410;A;0;-0.003906;-0.019531
I (8069) sensors;7903335;A;0;-0.003906;0.019531
I (8079) sensors;7912964;A;0;0.035156;-0.019531
I (8089) sensors;7923288;A;0;0.035156;0.058594
I (8099) sensors;7933340;A;0;-0.003906;0.019531
I (8109) sensors;7943254;A;0;-0.003906;0.019531
I (8119) sensors;7953378;A;0;0.035156;0.019531
I (8129) sensors;7961890;U;0.313751;;
I (8129) sensors;7963163;A;-0.039062;-0.003906;0.058594
I (8149) sensors;7973142;A;0;-0.003906;-0.019531
I (8139) sensors;7976511;B;994.085266;;
I (8149) sensors;7983129;A;0;-0.003906;0.058594
I (8159) sensors;7993184;A;0;0.035156;0.019531
I (8169) sensors;8003180;A;-0.039062;-0.003906;0.050781
I (8179) sensors;8013313;A;0.035156;0.035156;0.011719
I (8189) sensors;8022956;A;0;-0.003906;0.050781
I (8199) sensors;8033254;A;0;-0.003906;0.011719
I (8209) sensors;8043085;A;0;-0.003906;0.011719
I (8219) sensors;8053056;A;0;-0.003906;0.011719
I (8229) sensors;8061901;U;0.313579;;
I (8229) sensors;8063271;A;0;-0.003906;0.011719
I (8239) sensors;8073134;A;0;-0.003906;-0.027344
I (8249) sensors;8077772;B;994.080261;;
I (8249) sensors;8082959;A;0;-0.003906;0.011719
I (8259) sensors;8093036;A;0;0.035156;0.011719
I (8269) sensors;8102927;A;0;0.035156;0.011719
I (8279) sensors;8112838;A;0;0.035156;-0.027344
I (8289) sensors;8122856;A;0;0.035156;0.011719
I (8299) sensors;8132838;A;0;-0.003906;-0.027344
I (8309) sensors;8142829;A;0;-0.003906;0.011719
I (8319) sensors;8152781;A;0.035156;-0.003906;-0.027344
I (8329) sensors;8161894;U;0.313579;;
I (8329) sensors;8162749;A;0;0.035156;0.011719
I (8339) sensors;8172253;A;0;0.035156;-0.027344
I (8349) sensors;8179288;B;994.078613;;
I (8349) sensors;8182631;A;0;0.035156;0.050781
I (8359) sensors;8192678;A;0;-0.003906;-0.027344
I (8369) sensors;8202664;A;0;-0.011719;0.011719
I (8379) sensors;8212628;A;0;-0.011719;-0.027344
I (8389) sensors;8222672;A;0;-0.011719;0.011719
I (8399) sensors;8232629;A;0;0.027344;-0.027344
I (8409) sensors;8242705;A;0;-0.011719;0.011719
I (8419) sensors;8252739;A;0;-0.011719;-0.027344
I (8429) sensors;8261904;U;0.313064;;
I (8429) sensors;8262430;A;0;0.027344;0.011719
I (8439) sensors;8272611;A;0;-0.011719;-0.027344
I (8449) sensors;8280741;B;994.078613;;
I (8449) sensors;8282029;A;0;-0.011719;0.011719
I (8459) sensors;8292588;A;0;-0.011719;-0.027344
I (8469) sensors;8302445;A;0;-0.011719;0.011719
I (8479) sensors;8312506;A;0;0.027344;-0.027344
I (8489) sensors;8322427;A;0;-0.011719;0.050781
I (8499) sensors;8332544;A;0;-0.011719;-0.027344
I (8509) sensors;8342443;A;0;0.027344;0.050781
I (8519) sensors;8352216;A;0;0.027344;-0.027344
I (8529) sensors;8361902;U;0.313579;;
I (8529) sensors;8362462;A;0;-0.011719;0.050781
I (8539) sensors;8372477;A;0;-0.011719;0.011719
I (8549) sensors;8382187;B;994.08197;;
I (8549) sensors;8382349;A;0;0.027344;0.050781
I (8559) sensors;8391890;A;0;-0.011719;0.011719
I (8569) sensors;8402150;A;0;0.027344;0.050781
I (8579) sensors;8412183;A;0;-0.011719;-0.027344
I (8589) sensors;8422107;A;0.035156;-0.011719;0.011719
I (8599) sensors;8432431;A;0.035156;-0.011719;-0.027344
I (8609) sensors;8442129;A;0;-0.011719;0.050781
I (8619) sensors;8451966;A;0;-0.011719;-0.027344
I (8629) sensors;8461904;U;0.313064;;
I (8629) sensors;8462002;A;0;-0.011719;0.050781
I (8639) sensors;8472148;A;0;0.027344;-0.027344
I (8649) sensors;8481900;A;0;0.027344;0.050781
I (8649) sensors;8483724;B;994.083618;;
I (8659) sensors;8491991;A;0;-0.011719;-0.027344
I (8669) sensors;8501875;A;0.035156;-0.011719;0.011719
I (8679) sensors;8512097;A;0;-0.011719;0.011719
I (8689) sensors;8521811;A;0;-0.011719;0.050781
I (8699) sensors;8531991;A;0;0.027344;-0.027344
I (8709) sensors;8542130;A;0;-0.011719;0.011719
I (8719) sensors;8551827;A;0;-0.011719;-0.027344
I (8729) sensors;8561883;A;-0.039062;-0.011719;0.050781
I (8729) sensors;8561901;U;0.313751;;
I (8739) sensors;8571893;A;-0.039062;0.027344;-0.027344
I (8759) sensors;8581908;A;0;-0.011719;0.011719
I (8749) sensors;8584663;B;994.085266;;
I (8759) sensors;8591872;A;0;-0.011719;-0.027344
I (8769) sensors;8601735;A;0;0.027344;0.011719
I (8779) sensors;8611707;A;-0.039062;-0.011719;0.011719
I (8789) sensors;8621734;A;0;-0.011719;0.011719
I (8799) sensors;8631696;A;0;-0.003906;-0.027344
I (8809) sensors;8641623;A;0;-0.003906;0.011719
I (8819) sensors;8651178;A;-0.039062;-0.003906;0.011719
I (8829) sensors;8661409;A;0;0.035156;0.011719
I (8829) sensors;8661901;U;0.313751;;
I (8839) sensors;8671577;A;0;-0.003906;-0.027344
I (8849) sensors;8681540;A;0.035156;-0.003906;0.011719
I (8849) sensors;8686149;B;994.085266;;
I (8859) sensors;8691437;A;0;-0.003906;-0.027344
I (8869) sensors;8701519;A;0;-0.003906;0.050781
I (8879) sensors;8711647;A;0;0.035156;-0.027344
I (8889) sensors;8721561;A;0;0.035156;0.011719
I (8899) sensors;8731351;A;0;-0.003906;-0.066406
I (8909) sensors;8741450;A;0.035156;0.035156;0.011719
I (8919) sensors;8751416;A;0;-0.003906;-0.027344
I (8929) sensors;8761003;A;0;0.035156;0.050781
I (8929) sensors;8761901;U;0.313579;;
I (8939) sensors;8771509;A;0;-0.003906;-0.066406
I (8949) sensors;8781344;A;0;-0.003906;0.050781
I (8959) sensors;8787596;B;994.085266;;
I (8959) sensors;8791368;A;0.035156;-0.003906;0.011719
I (8969) sensors;8801265;A;0;-0.003906;0.011719
I (8979) sensors;8811175;A;0;-0.003906;0.011719
I (8989) sensors;8821374;A;0;-0.003906;0.011719
I (8999) sensors;8831253;A;0;0.035156;-0.027344
I (9009) sensors;8841189;A;0;-0.003906;0.011719
I (9019) sensors;8851088;A;0;-0.003906;-0.027344
I (9029) sensors;8861123;A;0;-0.003906;0.011719
I (9029) sensors;8861906;U;0.312892;;
I (9039) sensors;8870770;A;0;-0.003906;0.011719
I (9049) sensors;8881040;A;0;-0.003906;0.011719
I (9059) sensors;8889297;B;994.090271;;
I (9059) sensors;8890700;A;0.035156;-0.003906;-0.027344
I (9069) sensors;8900988;A;0;-0.003906;0.050781
I (9079) sensors;8911332;A;0;-0.003906;-0.027344
I (9089) sensors;8920987;A;0;-0.003906;0.050781
I (9099) sensors;8930890;A;0;0.035156;-0.027344
I (9109) sensors;8940966;A;0;-0.003906;0.011719
I (9119) sensors;8950911;A;0;-0.003906;-0.027344
I (9129) sensors;8961028;A;0;-0.003906;0.050781
I (9129) sensors;8961901;U;0.313579;;
I (9139) sensors;8970872;A;0.035156;-0.003906;-0.027344
I (9149) sensors;8980506;A;0;0.035156;0.011719
I (9159) sensors;8990759;A;0;-0.003906;-0.027344
I (9159) sensors;8990916;B;994.096313;;
I (9169) sensors;9000692;A;0;-0.003906;0.011719
I (9179) sensors;9010821;A;0;0.035156;0.011719
I (9189) sensors;9021085;A;0;-0.003906;0.011719
I (9199) sensors;9030871;A;0;-0.003906;-0.027344
I (9209) sensors;9040736;A;0;-0.003906;0.011719
I (9219) sensors;9050802;A;0;0.035156;-0.027344
I (9229) sensors;9060724;A;0;-0.003906;0.011719
I (9229) sensors;9061899;U;0.313579;;
I (9239) sensors;9070634;A;-0.039062;0.035156;-0.027344
I (9249) sensors;9080567;A;-0.039062;0.035156;0.011719
I (9259) sensors;9090545;A;0;-0.003906;-0.027344
I (9259) sensors;9092214;B;994.099609;;
I (9269) sensors;9100640;A;0;0.035156;0.050781
I (9279) sensors;9110565;A;0;0.035156;0.011719
I (9289) sensors;9120495;A;0;-0.003906;0.011719
I (9299) sensors;9130064;A;0.035156;-0.003906;-0.027344
I (9309) sensors;9140388;A;0;0.035156;0.050781
I (9319) sensors;9150453;A;0;-0.003906;0.011719
I (9329) sensors;9160410;A;0;-0.003906;0.011719
I (9329) sensors;9161901;U;0.313579;;
I (9339) sensors;9170582;A;0;0.027344;-0.027344
I (9349) sensors;9180438;A;0;-0.011719;0.011719
I (9359) sensors;9190530;A;0.035156;-0.011719;0.011719
I (9359) sensors;9193298;B;994.098633;;
I (9369) sensors;9200425;A;-0.039062;-0.011719;0.011719
I (9379) sensors;9210260;A;0;-0.011719;-0.027344
I (9389) sensors;9220171;A;-0.039062;0.027344;0.011719
I (9399) sensors;9230332;A;0.035156;-0.011719;0.011719
I (9409) sensors;9240028;A;0;-0.011719;0.011719
I (9419) sensors;9250153;A;-0.039062;-0.011719;-0.027344
I (9429) sensors;9260065;A;-0.039062;-0.011719;0.011719
I (9429) sensors;9261900;U;0.313579;;
I (9439) sensors;9270084;A;0;0.027344;-0.027344
I (9449) sensors;9280119;A;0;-0.011719;0.011719
I (9459) sensors;9290072;A;0;-0.011719;-0.027344
I (9459) sensors;9294683;B;994.102905;;
I (9469) sensors;9300224;A;0;-0.003906;0.011719
I (9479) sensors;9310261;A;0;-0.003906;0.011719
I (9489) sensors;9320108;A;0;-0.003906;0.050781
I (9499) sensors;9330173;A;0;-0.003906;-0.027344
I (9509) sensors;9340064;A;0.035156;0.035156;0.011719
I (9519) sensors;9349631;A;0;-0.003906;0.011719
I (9529) sensors;9359975;A;0;0.035156;0.011719
I (9529) sensors;9361893;U;0.312892;;
I (9539) sensors;9369969;A;0;0.035156;-0.027344
I (9549) sensors;9379851;A;0.035156;-0.003906;0.011719
I (9559) sensors;9390178;A;0;0.035156;-0.027344
I (9569) sensors;9396444;B;994.0979;;
I (9569) sensors;9400183;A;0;-0.003906;0.011719
I (9579) sensors;9410033;A;0;0.027344;-0.027344
I (9589) sensors;9419935;A;0;-0.011719;0.011719
I (9599) sensors;9429917;A;0;-0.011719;0.011719
I (9609) sensors;9439783;A;0;0.027344;0.011719
I (9619) sensors;9449772;A;0;-0.011719;-0.027344
I (9629) sensors;9459433;A;0;-0.011719;0.050781
I (9629) sensors;9461892;U;0.313064;;
I (9639) sensors;9469845;A;0;-0.011719;-0.027344
I (9649) sensors;9479574;A;0;0.027344;0.011719
I (9659) sensors;9489773;A;0;-0.011719;0.011719
I (9669) sensors;9497828;B;994.096313;;
I (9669) sensors;9499745;A;0.035156;-0.011719;0.050781
I (9679) sensors;9509574;A;0;-0.011719;0.011719
I (9689) sensors;9519588;A;-0.039062;-0.011719;0.050781
I (9699) sensors;9529696;A;0;-0.011719;-0.027344
I (9709) sensors;9539595;A;0;-0.011719;0.050781
I (9719) sensors;9549462;A;0;0.035156;0.011719
I (9729) sensors;9559510;A;0;-0.003906;0.050781
I (9729) sensors;9561892;U;0.313579;;
I (9739) sensors;9569412;A;0;-0.003906;-0.027344
I (9749) sensors;9579513;A;0.035156;-0.003906;0.050781
I (9759) sensors;9589475;A;0;-0.003906;0.011719
I (9769) sensors;9599372;B;994.096313;;
I (9769) sensors;9599483;A;0;-0.003906;0.011719
I (9779) sensors;9608916;A;0;-0.003906;-0.027344
I (9789) sensors;9619286;A;-0.039062;-0.003906;0.011719
I (9799) sensors;9629387;A;0;-0.003906;-0.027344
I (9809) sensors;9639316;A;0;-0.003906;0.011719
I (9819) sensors;9649257;A;0;0.035156;-0.027344
I (9829) sensors;9659309;A;0;0.035156;0.011719
I (9829) sensors;9661896;U;0.313751;;
I (9839) sensors;9669268;A;0;-0.003906;0.011719
I (9849) sensors;9679338;A;0;-0.003906;0.011719
I (9859) sensors;9689376;A;0;-0.003906;0.011719
I (9869) sensors;9699206;A;0;-0.003906;0.050781
I (9869) sensors;9700939;B;994.091248;;
I (9879) sensors;9709167;A;0;-0.003906;-0.027344
I (9889) sensors;9718739;A;0.035156;-0.003906;0.011719
I (9899) sensors;9729286;A;0;-0.003906;-0.027344
I (9909) sensors;9739151;A;0;-0.003906;0.050781
I (9919) sensors;9749153;A;-0.039062;0.035156;0.011719
I (9929) sensors;9759102;A;0.035156;-0.003906;0.011719
I (9929) sensors;9761979;U;0.312892;;
I (9939) sensors;9769185;A;0;0.035156;0.011719
I (9949) sensors;9779090;A;0;0.035156;0.011719
I (9959) sensors;9789014;A;0;-0.003906;-0.027344
I (9969) sensors;9799113;A;0;0.035156;0.042969
I (9969) sensors;9802125;B;994.093933;;
I (9979) sensors;9808944;A;0;-0.003906;-0.027344
I (9989) sensors;9818877;A;-0.039062;-0.003906;0.011719
I (9999) sensors;9828574;A;0;-0.003906;-0.027344
I (10009) sensors;9838757;A;0;0.035156;0.011719
I (10019) sensors;9848845;A;0;-0.003906;-0.027344
I (10029) sensors;9858870;A;0;0.035156;0.011719
I (10029) sensors;9861893;U;0.312892;;
I (10039) sensors;9868983;A;0.035156;-0.003906;0.011719
I (10049) sensors;9878775;A;0;-0.003906;0.011719
I (10059) sensors;9888748;A;0;-0.003906;0.011719
I (10069) sensors;9898839;A;0;-0.003906;0.050781
I (10069) sensors;9903260;B;994.095581;;
I (10079) sensors;9908691;A;0;-0.003906;-0.027344
I (10089) sensors;9918741;A;0;0.035156;0.050781
I (10099) sensors;9928680;A;0;-0.003906;0.011719
I (10109) sensors;9938435;A;0.035156;-0.003906;0.011719
I (10119) sensors;9948769;A;0;-0.003906;-0.027344
I (10129) sensors;9958512;A;0;0.035156;0.011719
I (10129) sensors;9961907;U;0.315468;;
I (10139) sensors;9968608;A;0;0.035156;-0.027344
I (10149) sensors;9978823;A;0;-0.003906;0.011719
I (10159) sensors;9988410;A;0;0.035156;-0.027344
I (10169) sensors;9998452;A;0;-0.003906;0.050781
I (10169) sensors;10005095;B;994.093933;;
I (10179) sensors;10008838;A;0;-0.003906;-0.027344
I (10189) sensors;10018427;A;0;0.035156;0.050781
I (10199) sensors;10028452;A;0;0.027344;-0.027344
I (10209) sensors;10038490;A;0.035156;0.027344;0.011719
I (10219) sensors;10048238;A;0;-0.011719;-0.027344
I (10229) sensors;10058365;A;0;0.027344;0.050781
I (10229) sensors;10061904;U;0.314266;;
I (10239) sensors;10068315;A;0;0.027344;-0.027344
I (10249) sensors;10078287;A;0;0.027344;0.011719
I (10259) sensors;10087825;A;0;-0.011719;-0.027344
I (10269) sensors;10098097;A;0;-0.011719;0.011719
I (10269) sensors;10106805;B;994.102295;;
I (10279) sensors;10108323;A;-0.039062;0.027344;0.011719
I (10289) sensors;10118243;A;0.035156;0.027344;0.011719
I (10299) sensors;10128165;A;0;-0.011719;-0.027344
I (10309) sensors;10138359;A;0.035156;-0.011719;0.011719
I (10319) sensors;10148113;A;0;-0.011719;-0.027344
I (10329) sensors;10158008;A;0;-0.011719;0.050781
I (10329) sensors;10162033;U;0.318044;;
I (10339) sensors;10167998;A;0;-0.011719;-0.027344
I (10349) sensors;10177970;A;0;-0.011719;0.011719
I (10359) sensors;10188085;A;0;-0.011719;0.011719
I (10369) sensors;10197594;A;0;0.027344;0.050781
I (10379) sensors;10208063;B;994.100586;;
I (10379) sensors;10208064;A;0;0.027344;-0.027344
I (10389) sensors;10218021;A;0;0.027344;0.050781
I (10399) sensors;10228048;A;0;-0.011719;-0.027344
I (10409) sensors;10237933;A;0;-0.011719;0.011719
I (10419) sensors;10247857;A;0;0.027344;-0.027344
I (10429) sensors;10258003;A;0;-0.011719;0.050781
I (10429) sensors;10261908;U;0.314094;;
I (10439) sensors;10267942;A;0;-0.011719;-0.027344
I (10449) sensors;10277825;A;0;-0.011719;0.050781
I (10459) sensors;10287803;A;0;0.027344;0.011719
I (10469) sensors;10297760;A;0;-0.011719;0.011719
I (10479) sensors;10307356;A;0;0.027344;0.011719
I (10479) sensors;10309510;B;994.101562;;
I (10489) sensors;10317636;A;0.035156;-0.011719;0.050781
I (10499) sensors;10327710;A;0;0.027344;0.011719
I (10509) sensors;10337605;A;0;-0.011719;0.050781
I (10519) sensors;10347663;A;0;0.027344;0.011719
I (10529) sensors;10357652;A;0;0.027344;0.003906
I (10529) sensors;10361900;U;0.313407;;
I (10539) sensors;10367573;A;0;-0.011719;0.003906
I (10549) sensors;10377711;A;0;-0.011719;0.003906
I (10559) sensors;10387670;A;0;-0.011719;-0.035156
I (10569) sensors;10397661;A;0;-0.011719;0.042969
I (10579) sensors;10407615;A;0;-0.011719;0.003906
I (10579) sensors;10410787;B;994.09491;;
I (10589) sensors;10417228;A;0;-0.011719;0.042969
I (10599) sensors;10427670;A;0;0.027344;0.003906
I (10609) sensors;10437537;A;0;-0.011719;0.042969
I (10619) sensors;10447505;A;0;-0.011719;-0.035156
I (10629) sensors;10457676;A;0;-0.011719;0.003906
I (10629) sensors;10461902;U;0.313407;;
I (10639) sensors;10467429;A;0;-0.011719;-0.035156
I (10649) sensors;10477379;A;0.035156;-0.011719;0.003906
I (10659) sensors;10487438;A;0;0.027344;0.003906
I (10669) sensors;10497317;A;0;0.027344;0.003906
I (10679) sensors;10507489;A;0;-0.011719;-0.035156
I (10679) sensors;10512708;B;994.091553;;
I (10689) sensors;10517316;A;0.035156;0.027344;0.042969
I (10699) sensors;10527093;A;0;-0.011719;-0.035156
I (10709) sensors;10537290;A;0;-0.011719;0.003906
I (10719) sensors;10547244;A;0;0.027344;-0.035156
I (10729) sensors;10557172;A;0;-0.011719;0.003906
I (10729) sensors;10561901;U;0.313407;;
I (10739) sensors;10567605;A;0;0.027344;-0.035156
I (10749) sensors;10577215;A;0;-0.011719;0.042969
I (10759) sensors;10587099;A;0;-0.011719;-0.035156
I (10769) sensors;10597084;A;0;-0.011719;-0.035156
I (10779) sensors;10607135;A;0;-0.011719;-0.035156
I (10779) sensors;10614054;B;994.080566;;
I (10789) sensors;10616531;A;0;-0.011719;0.042969
I (10799) sensors;10626970;A;0;-0.011719;0.003906
I (10809) sensors;10636869;A;0;-0.011719;0.011719
I (10819) sensors;10646958;A;0;0.027344;-0.027344
I (10829) sensors;10656842;A;0;-0.011719;0.011719
I (10829) sensors;10661905;U;0.313579;;
I (10839) sensors;10666980;A;0;-0.011719;0.011719
I (10849) sensors;10676567;A;0;0.027344;0.050781
I (10859) sensors;10686996;A;0;-0.011719;-0.027344
I (10869) sensors;10696907;A;0;-0.011719;0.050781
I (10879) sensors;10706777;A;0;-0.003906;-0.027344
I (10879) sensors;10715499;B;994.089905;;
I (10889) sensors;10716952;A;0;-0.003906;0.011719
I (10899) sensors;10726921;A;0;-0.003906;-0.027344
I (10909) sensors;10736781;A;0.035156;0.035156;0.011719
I (10919) sensors;10746743;A;0;-0.003906;-0.027344
I (10929) sensors;10756755;A;0;-0.003906;0.050781
I (10929) sensors;10761901;U;0.313407;;
I (10939) sensors;10766626;A;0;-0.003906;-0.027344
I (10949) sensors;10776638;A;0;0.035156;0.011719
I (10959) sensors;10786211;A;0;-0.003906;0.011719
I (10969) sensors;10796555;A;0;-0.003906;0.011719
I (10979) sensors;10806617;A;0;-0.003906;-0.027344
I (10979) sensors;10816537;B;994.091553;;
I (10989) sensors;10816684;A;0;-0.003906;0.011719
I (10999) sensors;10826497;A;0;-0.003906;0.011719
I (11009) sensors;10836715;A;0;-0.003906;0.011719
I (11019) sensors;10846514;A;0;-0.003906;-0.027344
I (11029) sensors;10856447;A;0;-0.003906;0.011719
I (11029) sensors;10861902;U;0.313579;;
I (11039) sensors;10866594;A;0;-0.003906;-0.066406
I (11049) sensors;10876554;A;0;-0.003906;0.011719
I (11059) sensors;10886503;A;0.035156;-0.003906;0.011719
I (11069) sensors;10896124;A;0;-0.003906;0.011719
I (11079) sensors;10906501;A;0;-0.003906;-0.027344
I (11089) sensors;10916405;A;0;-0.003906;0.011719
I (11089) sensors;10918061;B;994.08728;;
I (11099) sensors;10926397;A;0;-0.003906;-0.027344
I (11109) sensors;10936535;A;0;-0.003906;0.011719
I (11119) sensors;10946211;A;0;-0.003906;-0.027344
I (11129) sensors;10956303;A;0;-0.003906;0.011719
I (11129) sensors;10961900;U;0.313751;;
I (11139) sensors;10966315;A;0;-0.003906;0.011719
I (11149) sensors;10976260;A;-0.039062;-0.003906;0.011719
I (11159) sensors;10986100;A;0;-0.003906;-0.027344
I (11169) sensors;10996114;A;0;-0.003906;0.011719
I (11179) sensors;11005953;A;0.035156;-0.003906;-0.027344
I (11189) sensors;11016105;A;-0.039062;0.035156;0.050781
I (11189) sensors;11019353;B;994.089905;;
I (11199) sensors;11026118;A;0;-0.003906;-0.027344
I (11209) sensors;11036045;A;0;0.035156;0.011719
I (11219) sensors;11045823;A;0;-0.003906;-0.027344
I (11229) sensors;11055945;A;0;0.035156;0.050781
I (11229) sensors;11061933;U;0.314953;;
I (11239) sensors;11066037;A;0;-0.003906;0.011719
I (11249) sensors;11075971;A;0;0.035156;0.011719
I (11259) sensors;11085860;A;0;-0.003906;-0.027344
I (11269) sensors;11096006;A;0.035156;-0.003906;0.050781
I (11279) sensors;11105924;A;0;-0.003906;-0.027344
I (11289) sensors;11115794;A;0;-0.003906;0.011719
I (11289) sensors;11120653;B;994.091553;;
I (11299) sensors;11125887;A;0;-0.003906;-0.027344
I (11309) sensors;11135708;A;0;-0.003906;0.011719
I (11319) sensors;11145892;A;0;-0.003906;-0.027344
I (11329) sensors;11155412;A;0.035156;0.035156;0.011719
I (11329) sensors;11161902;U;0.313751;;
I (11339) sensors;11165885;A;0;0.035156;-0.027344
I (11349) sensors;11175798;A;0;-0.003906;0.050781
I (11359) sensors;11185777;A;0;0.035156;-0.027344
I (11369) sensors;11195741;A;0;-0.003906;0.011719
I (11379) sensors;11205827;A;0;0.035156;-0.027344
I (11389) sensors;11215772;A;0.035156;0.035156;0.011719
I (11389) sensors;11222308;B;994.086548;;
I (11399) sensors;11225258;A;0;0.035156;0.011719
I (11409) sensors;11235588;A;0;-0.003906;0.050781
I (11419) sensors;11245629;A;0;-0.003906;-0.027344
I (11429) sensors;11255541;A;0;-0.003906;0.050781
I (11429) sensors;11261901;U;0.313579;;
I (11439) sensors;11265053;A;0;0.035156;-0.027344
I (11449) sensors;11275446;A;0;-0.003906;0.050781
I (11459) sensors;11285497;A;-0.039062;-0.003906;0.011719
I (11469) sensors;11295478;A;0;-0.003906;0.011719
I (11479) sensors;11305503;A;0;-0.003906;-0.027344
I (11489) sensors;11315446;A;0;0.035156;0.050781
I (11489) sensors;11323816;B;994.092529;;
I (11499) sensors;11325429;A;0.035156;0.027344;0.011719
I (11509) sensors;11335475;A;0;0.027344;0.011719
I (11519) sensors;11345495;A;0;0.027344;0.011719
I (11529) sensors;11355384;A;0.035156;-0.011719;0.011719
I (11529) sensors;11361901;U;0.313579;;
I (11539) sensors;11365309;A;0;-0.011719;-0.027344
I (11549) sensors;11374958;A;0;-0.011719;0.011719
I (11559) sensors;11385190;A;0;-0.011719;-0.027344
I (11569) sensors;11395309;A;0;-0.011719;0.050781
I (11579) sensors;11405293;A;0;0.027344;-0.027344
I (11589) sensors;11415504;A;0;0.027344;0.011719
I (11589) sensors;11425245;B;994.087524;;
I (11599) sensors;11425300;A;0;0.027344;-0.027344
I (11609) sensors;11435171;A;0;-0.011719;0.011719
I (11619) sensors;11445233;A;0.035156;0.027344;0.011719
I (11619) sensors;11455144;A;0;0.027344;0.050781
I (11629) sensors;11461899;U;0.313407;;
I (11639) sensors;11464968;A;0;-0.011719;-0.027344
I (11649) sensors;11475133;A;0;-0.011719;0.011719
I (11659) sensors;11484920;A;0.027344;-0.011719;-0.027344
I (11659) sensors;11494999;A;-0.007812;0.027344;0.011719
I (11679) sensors;11504996;A;-0.007812;-0.011719;0.011719
I (11689) sensors;11515008;A;-0.046875;0.027344;0.050781
I (11699) sensors;11524522;A;0.027344;-0.011719;-0.027344
I (11699) sensors;11526684;B;994.091858;;
I (11699) sensors;11534989;A;-0.007812;-0.011719;0.011719
I (11719) sensors;11544875;A;-0.007812;-0.011719;0.011719
I (11729) sensors;11554855;A;-0.007812;0.027344;0.011719
I (11729) sensors;11561913;U;0.315983;;
I (11739) sensors;11564951;A;-0.007812;-0.011719;-0.027344
I (11739) sensors;11574861;A;-0.007812;-0.011719;0.011719
I (11759) sensors;11584820;A;-0.007812;-0.011719;0.011719
I (11759) sensors;11594713;A;-0.007812;-0.011719;0.050781
I (11779) sensors;11604735;A;-0.007812;0.027344;0.011719
I (11789) sensors;11614797;A;-0.039062;0.027344;0.011719
I (11799) sensors;11624793;A;0.035156;0.027344;0.011719
I (11799) sensors;11627959;B;994.095215;;
I (11799) sensors;11634182;A;0;-0.011719;0.011719
I (11819) sensors;11644697;A;-0.039062;-0.011719;-0.027344
I (11819) sensors;11654690;A;0;0.027344;0.050781
I (11829) sensors;11661903;U;0.312377;;
I (11839) sensors;11664613;A;0.035156;0.027344;0.011719
I (11839) sensors;11674596;A;0;-0.011719;0.050781
I (11859) sensors;11684490;A;0.035156;-0.011719;-0.027344
I (11869) sensors;11694529;A;0.035156;-0.011719;0.011719
I (11879) sensors;11704611;A;0;0.027344;-0.027344
I (11879) sensors;11714652;A;0;0.027344;0.042969
I (11889) sensors;11724635;A;-0.007812;-0.011719;0.003906
I (11899) sensors;11729810;B;994.095215;;
I (11909) sensors;11734411;A;-0.007812;-0.011719;0.003906
I (11919) sensors;11744052;A;-0.007812;-0.011719;-0.035156
I (11919) sensors;11754419;A;-0.007812;-0.011719;0.042969
I (11929) sensors;11761908;U;0.313922;;
I (11929) sensors;11764422;A;-0.046875;-0.011719;0.003906
I (11949) sensors;11774326;A;-0.039062;-0.011719;0.003906
I (11949) sensors;11784435;A;0;0.027344;0.003906
I (11959) sensors;11794333;A;-0.039062;-0.011719;0.003906
I (11969) sensors;11804359;A;0;-0.011719;0.003906
I (11979) sensors;11814376;A;0.035156;-0.011719;0.003906
I (11989) sensors;11824352;A;0;-0.011719;-0.035156
I (11999) sensors;11831623;B;994.091858;;
I (11999) sensors;11834131;A;-0.039062;-0.011719;0.003906
I (12019) sensors;11844205;A;0.035156;-0.011719;0.003906
I (12019) sensors;11853856;A;0;-0.011719;0.042969
I (12029) sensors;11861918;U;0.313751;;
I (12039) sensors;11864070;A;-0.039062;0.027344;-0.035156
I (12039) sensors;11874016;A;0.035156;-0.011719;0.003906
I (12059) sensors;11884125;A;0.035156;-0.011719;0.003906
I (12059) sensors;11893644;A;-0.039062;-0.011719;0.003906
I (12069) sensors;11904129;A;0.035156;-0.003906;-0.035156
I (12079) sensors;11914027;A;0;-0.003906;0.042969
I (12089) sensors;11924060;A;-0.039062;-0.003906;0.003906
I (12099) sensors;11932875;B;994.096191;;
I (12099) sensors;11934301;A;0;0.035156;0.003906
I (12109) sensors;11943937;A;0.035156;-0.003906;0.003906
I (12119) sensors;11953975;A;0;-0.003906;0.003906
I (12129) sensors;11962834;U;0.313751;;
I (12139) sensors;11964011;A;0;0.035156;-0.035156
I (12139) sensors;11973924;A;0;0.035156;0.003906
I (12149) sensors;11984029;A;0;-0.003906;-0.035156
I (12159) sensors;11993874;A;0.035156;-0.003906;0.003906
I (12169) sensors;12003330;A;-0.039062;0.035156;0.003906
I (12179) sensors;12013642;A;0;0.074219;0.003906
I (12189) sensors;12023775;A;0;-0.003906;-0.035156
I (12209) sensors;12033789;A;0;-0.003906;0.042969
I (12199) sensors;12034382;B;994.089478;;
I (12209) sensors;12043888;A;0.035156;-0.011719;-0.035156
I (12219) sensors;12053759;A;0;0.027344;0.042969
I (12229) sensors;12061904;U;0.314438;;
I (12229) sensors;12063631;A;-0.039062;-0.011719;0.003906
I (12239) sensors;12073575;A;0;0.027344;0.003906
I (12249) sensors;12083602;A;0;-0.011719;-0.035156
I (12259) sensors;12093661;A;0;-0.011719;0.042969
I (12269) sensors;12103684;A;0.035156;-0.011719;-0.035156
I (12279) sensors;12113223;A;0.035156;-0.011719;0.003906
I (12289) sensors;12123731;A;-0.039062;0.027344;-0.027344
I (12309) sensors;12133539;A;-0.039062;-0.011719;0.050781
I (12299) sensors;12136052;B;994.089478;;
I (12309) sensors;12143530;A;0;-0.011719;0.011719
I (12319) sensors;12153460;A;0;-0.011719;0.042969
I (12329) sensors;12161930;U;0.312377;;
I (12329) sensors;12163503;A;0;-0.011719;0.003906
I (12339) sensors;12173508;A;-0.078125;0.027344;0.042969
I (12349) sensors;12183433;A;0.074219;-0.011719;-0.035156
I (12359) sensors;12193421;A;-0.039062;-0.050781;0.042969
I (12369) sensors;12203350;A;-0.039062;0.027344;0.003906
I (12379) sensors;12213308;A;0.035156;0.066406;0.003906
I (12389) sensors;12222943;A;0;-0.011719;-0.035156
I (12399) sensors;12233262;A;-0.078125;-0.011719;0.042969
I (12399) sensors;12237420;B;994.086182;;
I (12409) sensors;12243403;A;0;0.027344;-0.035156
I (12419) sensors;12253195;A;0.074219;0.027344;0.003906
I (12429) sensors;12261992;U;0.313922;;
I (12429) sensors;12263372;A;-0.039062;-0.011719;-0.035156
I (12439) sensors;12273228;A;0;0.027344;0.042969
I (12459) sensors;12283108;A;0;0.027344;-0.074219
I (12459) sensors;12293102;A;0;-0.011719;-0.035156
I (12469) sensors;12303262;A;0;-0.011719;-0.035156
I (12479) sensors;12313106;A;0;0.027344;0.042969
I (12489) sensors;12323264;A;0;0.066406;-0.035156
I (12499) sensors;12332980;A;0;-0.050781;0.011719
I (12509) sensors;12339076;B;994.084473;;
I (12509) sensors;12343049;A;0.035156;-0.050781;0.011719
I (12519) sensors;12353079;A;0;0.027344;0.050781
I (12529) sensors;12361933;U;0.318044;;
I (12529) sensors;12363142;A;-0.039062;0.027344;-0.027344
I (12539) sensors;12373344;A;0.035156;-0.011719;0.011719
I (12549) sensors;12383059;A;0.035156;-0.011719;-0.027344
I (12559) sensors;12392941;A;0;-0.011719;0.011719
I (12569) sensors;12402792;A;0;-0.011719;0.011719
I (12579) sensors;12412933;A;0.035156;-0.011719;0.011719
I (12599) sensors;12422905;A;-0.078125;-0.011719;-0.027344
I (12599) sensors;12432815;A;0;0.027344;-0.027344
I (12609) sensors;12440769;B;994.084473;;
I (12609) sensors;12442539;A;0.035156;-0.050781;-0.027344
I (12619) sensors;12452743;A;-0.039062;-0.011719;0.011719
I (12629) sensors;12461902;U;0.313751;;
I (12629) sensors;12462908;A;-0.039062;0.027344;-0.066406
I (12639) sensors;12472694;A;0.035156;0.027344;0.011719
I (12649) sensors;12482447;A;0;-0.050781;0.011719
I (12659) sensors;12492530;A;0;-0.050781;0.011719
I (12669) sensors;12502656;A;0.035156;-0.011719;0.011719
I (12679) sensors;12512625;A;0;0.027344;0.011719
I (12689) sensors;12522587;A;-0.078125;-0.011719;-0.027344
I (12699) sensors;12532623;A;0.035156;-0.011719;0.050781
I (12709) sensors;12542429;A;0.113281;-0.003906;0.011719
I (12709) sensors;12542488;B;994.084473;;
I (12719) sensors;12552607;A;-0.039062;-0.003906;0.011719
I (12729) sensors;12561906;U;0.313751;;
I (12739) sensors;12562594;A;-0.039062;0.035156;0.011719
I (12739) sensors;12572566;A;0.035156;0.035156;0.011719
I (12749) sensors;12582506;A;0.035156;-0.003906;-0.027344
I (12759) sensors;12592068;A;0;-0.003906;0.011719
I (12769) sensors;12602543;A;0.074219;0.035156;-0.027344
I (12779) sensors;12612449;A;0;0.035156;0.050781
I (12789) sensors;12622445;A;-0.039062;-0.003906;0.011719
I (12799) sensors;12632405;A;0.035156;-0.003906;0.011719
I (12809) sensors;12642423;A;0.027344;-0.003906;0.011719
I (12809) sensors;12643802;B;994.095459;;
I (12819) sensors;12652420;A;-0.007812;-0.003906;0.011719
I (12829) sensors;12661899;U;0.313751;;
I (12829) sensors;12662313;A;-0.007812;0.035156;0.011719
I (12839) sensors;12672374;A;-0.125;0.035156;0.050781
I (12849) sensors;12682246;A;-0.046875;0.027344;-0.027344
I (12859) sensors;12692204;A;0.144531;-0.011719;0.011719
I (12869) sensors;12701917;A;-0.085938;-0.011719;0.011719
I (12879) sensors;12712226;A;-0.046875;0.027344;0.011719
I (12889) sensors;12722156;A;0.105469;0.066406;-0.027344
I (12899) sensors;12732089;A;0.027344;-0.011719;0.011719
I (12909) sensors;12742241;A;0.027344;-0.050781;-0.027344
I (12909) sensors;12744973;B;994.092163;;
I (12919) sensors;12752133;A;0.144531;0.027344;0.011719
I (12929) sensors;12761897;U;0.313751;;
I (12929) sensors;12761997;A;0.027344;0.027344;0.011719
I (12939) sensors;12772024;A;-0.125;-0.011719;-0.027344
I (12949) sensors;12782181;A;0.105469;0.027344;-0.027344
I (12959) sensors;12792027;A;0.066406;-0.011719;0.011719
I (12969) sensors;12801992;A;-0.164062;-0.050781;-0.027344
I (12979) sensors;12811812;A;0.183594;0.027344;0.050781
I (12989) sensors;12821824;A;0.058594;0.027344;-0.027344
I (12999) sensors;12831999;A;-0.132812;-0.011719;0.050781
I (13009) sensors;12841957;A;-0.054688;-0.011719;-0.027344
I (13009) sensors;12846346;B;994.088806;;
I (13019) sensors;12851533;A;0.097656;0.027344;0.011719
I (13029) sensors;12861752;A;-0.132812;0.027344;-0.027344
I (13029) sensors;12861901;U;0.313751;;
I (13039) sensors;12871844;A;-0.09375;0.027344;0.011719
I (13049) sensors;12881939;A;0.097656;0.027344;-0.027344
I (13059) sensors;12891925;A;-0.015625;-0.011719;0.011719
I (13069) sensors;12901903;A;-0.054688;-0.011719;-0.027344
I (13079) sensors;12911710;A;0.058594;0.027344;0.050781
I (13089) sensors;12921722;A;-0.085938;0.027344;-0.027344
I (13099) sensors;12931763;A;-0.046875;-0.011719;0.050781
I (13109) sensors;12941613;A;0.105469;-0.011719;-0.027344
I (13119) sensors;12948102;B;994.090454;;
I (13119) sensors;12951793;A;0.066406;0.027344;0.011719
I (13129) sensors;12961144;A;-0.085938;0.027344;0.011719
I (13129) sensors;12961901;U;0.313579;;
I (13139) sensors;12971452;A;0.066406;-0.011719;0.011719
I (13149) sensors;12981548;A;0.105469;-0.050781;0.011719
I (13159) sensors;12991534;A;0.019531;-0.011719;0.011719
I (13169) sensors;13001646;A;0.019531;0.027344;-0.027344
I (13179) sensors;13011524;A;0.058594;-0.011719;0.050781
I (13189) sensors;13021461;A;0.019531;-0.011719;0.011719
I (13199) sensors;13031493;A;-0.015625;0.027344;0.011719
I (13209) sensors;13041380;A;0.097656;0.027344;-0.027344
I (13219) sensors;13049786;B;994.089783;;
I (13219) sensors;13051262;A;0.058594;-0.011719;0.050781
I (13229) sensors;13061438;A;-0.023438;-0.011719;0.011719
I (13229) sensors;13061900;U;0.313751;;
I (13239) sensors;13071019;A;0.050781;0.027344;0.011719
I (13249) sensors;13081485;A;0.011719;0.027344;-0.027344
I (13259) sensors;13091382;A;-0.0625;-0.011719;0.050781
I (13269) sensors;13101428;A;0.011719;-0.011719;0.011719
I (13279) sensors;13111330;A;0.011719;-0.011719;0.050781
I (13289) sensors;13121147;A;0.011719;-0.011719;0.011719
I (13299) sensors;13131306;A;0.050781;-0.011719;0.011719
I (13309) sensors;13141246;A;0.011719;0.027344;0.011719
I (13319) sensors;13151064;B;994.086426;;
I (13319) sensors;13151149;A;-0.023438;0.027344;0.050781
I (13329) sensors;13161062;A;0.003906;0.027344;-0.035156
I (13329) sensors;13161901;U;0.313751;;
I (13339) sensors;13171077;A;0.082031;0.027344;0.042969
I (13349) sensors;13180854;A;-0.03125;-0.050781;-0.035156
I (13359) sensors;13191255;A;0.003906;-0.089844;0.042969
I (13369) sensors;13201056;A;0.082031;-0.050781;-0.035156
I (13379) sensors;13210966;A;0.042969;0.027344;0.003906
I (13389) sensors;13221162;A;0.042969;-0.050781;0.003906
I (13399) sensors;13231026;A;0.082031;-0.011719;0.042969
I (13409) sensors;13240870;A;0.074219;0.027344;-0.035156
I (13419) sensors;13250904;A;0.035156;0.027344;0.003906
I (13419) sensors;13252660;B;994.090759;;
I (13429) sensors;13261058;A;0.113281;0.066406;0.003906
I (13429) sensors;13261901;U;0.311518;;
I (13439) sensors;13270881;A;0.152344;0.101562;0.042969
I (13449) sensors;13280856;A;0.105469;0.027344;0.003906
I (13459) sensors;13290728;A;0.105469;0.027344;0.003906
I (13469) sensors;13300766;A;0.171875;0.066406;-0.035156
I (13479) sensors;13310653;A;0.210938;0.066406;0.003906
I (13489) sensors;13320826;A;0.164062;0.171875;0.003906
I (13499) sensors;13330382;A;0.050781;0.132812;0.042969
I (13509) sensors;13340847;A;0.003906;-0.058594;-0.035156
I (13519) sensors;13350598;A;-0.109375;-0.132812;0.003906
I (13519) sensors;13353851;B;994.085083;;
I (13529) sensors;13360554;A;-0.109375;-0.132812;0.003906
I (13529) sensors;13361903;U;0.313579;;
I (13539) sensors;13370662;A;0.042969;-0.089844;0.042969
I (13549) sensors;13380557;A;-0.003906;-0.050781;0.003906
I (13559) sensors;13390605;A;-0.003906;0.027344;0.003906
I (13569) sensors;13400614;A;0.148438;0.027344;0.003906
I (13579) sensors;13410543;A;0.074219;-0.050781;0.003906
I (13589) sensors;13420559;A;0.035156;-0.011719;-0.035156
I (13599) sensors;13430508;A;0.066406;0.027344;0.003906
I (13609) sensors;13440051;A;0.140625;-0.011719;0.003906
I (13619) sensors;13450392;A;0.105469;-0.011719;0.003906
I (13619) sensors;13455818;B;994.08844;;
I (13629) sensors;13460429;A;0.097656;0.066406;-0.035156
I (13629) sensors;13461912;U;0.313579;;
I (13639) sensors;13470469;A;0.171875;0.101562;0.042969
I (13649) sensors;13480450;A;0.089844;-0.011719;0.003906
I (13659) sensors;13490359;A;0.050781;-0.011719;0.042969
I (13669) sensors;13500362;A;0.050781;-0.050781;0.003906
I (13679) sensors;13510321;A;0.117188;-0.011719;0.003906
I (13689) sensors;13520355;A;0.15625;0.019531;0.003906
I (13699) sensors;13530284;A;0.1875;0.019531;0.042969
I (13709) sensors;13540228;A;0.226562;0.019531;-0.035156
I (13719) sensors;13549794;A;0.066406;-0.058594;0.042969
I (13729) sensors;13557506;B;994.094421;;
I (13729) sensors;13559946;A;-0.011719;-0.019531;-0.035156
I (13729) sensors;13561896;U;0.313922;;
I (13739) sensors;13570163;A;-0.058594;0.058594;0.042969
I (13749) sensors;13580175;A;0.058594;0.050781;0.042969
I (13759) sensors;13590427;A;0.164062;0.050781;0.117188
I (13769) sensors;13600184;A;0.242188;0.003906;0.078125
I (13779) sensors;13610243;A;0.308594;0.078125;0.070312
I (13789) sensors;13620070;A;0.1875;0.109375;-0.042969
I (13799) sensors;13630066;A;0.101562;0.0625;-0.042969
I (13809) sensors;13639979;A;0.054688;0.054688;-0.042969
I (13819) sensors;13650059;A;0.046875;0.039062;0.035156
I (13829) sensors;13659209;B;994.093689;;
I (13829) sensors;13659621;A;0.125;0.03125;-0.042969
I (13829) sensors;13661889;U;0.313922;;
I (13839) sensors;13670020;A;0.117188;-0.003906;0.070312
I (13849) sensors;13679917;A;0.078125;-0.050781;-0.003906
I (13859) sensors;13689930;A;0.148438;-0.019531;-0.003906
I (13869) sensors;13700001;A;0.101562;0.015625;-0.003906
I (13879) sensors;13709835;A;-0.058594;0.046875;0.070312
I (13889) sensors;13719817;A;-0.175781;0.007812;0.109375
I (13899) sensors;13729827;A;-0.113281;-0.035156;0.179688
I (13909) sensors;13739877;A;0;0.078125;-0.050781
I (13919) sensors;13749781;A;0.109375;0.140625;-0.011719
I (13929) sensors;13759785;A;0.109375;0.09375;-0.011719
I (13929) sensors;13761096;B;994.084412;;
I (13929) sensors;13761892;U;0.313579;;
I (13939) sensors;13769441;A;0.140625;-0.105469;-0.128906
I (13949) sensors;13779772;A;0.015625;-0.113281;-0.089844
I (13959) sensors;13789551;A;-0.058594;-0.113281;0.027344
I (13969) sensors;13799651;A;-0.136719;-0.082031;0.027344
I (13979) sensors;13809255;A;0.160156;0.109375;0.101562
I (13989) sensors;13819501;A;0.261719;0.222656;0.027344
I (13999) sensors;13829753;A;0.292969;0.261719;0.0625
I (14009) sensors;13839609;A;0.238281;0.222656;0.0625
I (14019) sensors;13849485;A;0.34375;-0.082031;0.132812
I (14029) sensors;13859651;A;0.289062;-0.039062;0.09375
I (14029) sensors;13861899;U;0.313579;;
I (14029) sensors;13862551;B;994.084412;;
I (14039) sensors;13869474;A;0.199219;0;0.171875
I (14049) sensors;13879460;A;0.066406;-0.222656;0.164062
I (14059) sensors;13889432;A;0.089844;-0.242188;0.277344
I (14069) sensors;13899562;A;0.050781;-0.152344;0.230469
I (14079) sensors;13909358;A;0.082031;0.0625;0.15625
I (14089) sensors;13919120;A;0.152344;0.046875;0.039062
I (14099) sensors;13929243;A;0.121094;0.078125;0.039062
I (14109) sensors;13939334;A;0.160156;0.066406;0.003906
I (14119) sensors;13949258;A;0.121094;0.019531;0.003906
I (14129) sensors;13959309;A;-0.078125;-0.109375;-0.113281
I (14129) sensors;13961938;U;0.314953;;
I (14129) sensors;13964812;B;994.078369;;
I (14139) sensors;13969266;A;-0.230469;-0.054688;-0.113281
I (14149) sensors;13979379;A;-0.238281;-0.039062;-0.035156
I (14159) sensors;13989263;A;-0.054688;-0.109375;0.039062
I (14169) sensors;13999264;A;-0.023438;-0.078125;0.117188
I (14179) sensors;14009224;A;0.042969;-0.039062;0.261719
I (14189) sensors;14019046;A;0.113281;-0.011719;0.300781
I (14199) sensors;14028814;A;0.074219;0.019531;0.378906
I (14209) sensors;14039259;A;0.027344;0.050781;0.261719
I (14219) sensors;14048940;A;0.035156;0.042969;0.222656
I (14229) sensors;14058932;A;0.066406;-0.050781;0.070312
I (14229) sensors;14061934;U;0.318559;;
I (14229) sensors;14066460;B;994.080078;;
I (14239) sensors;14068704;A;0.226562;-0.164062;0.109375
I (14249) sensors;14079098;A;0.195312;-0.210938;0.148438
I (14259) sensors;14089039;A;0.167969;-0.179688;0.222656
I (14269) sensors;14099016;A;-0.007812;-0.257812;-0.003906
I (14279) sensors;14108943;A;0;-0.226562;-0.003906
I (14289) sensors;14118840;A;-0.023438;-0.089844;-0.003906
I (14299) sensors;14128867;A;0.023438;-0.027344;-0.003906
I (14309) sensors;14138554;A;0;0.0625;0.101562
I (14319) sensors;14149016;A;-0.03125;0.078125;0.214844
I (14329) sensors;14158838;A;-0.015625;0.09375;0.179688
I (14329) sensors;14161947;U;0.322852;;
I (14339) sensors;14168143;B;994.085083;;
I (14339) sensors;14168606;A;-0.007812;0.070312;0.214844
I (14349) sensors;14179001;A;0.121094;-0.03125;-0.089844
I (14359) sensors;14188788;A;0.09375;-0.046875;-0.011719
I (14369) sensors;14198689;A;0.070312;-0.097656;-0.011719
I (14379) sensors;14208665;A;0.046875;-0.105469;-0.050781
I (14389) sensors;14218781;A;0.125;-0.078125;-0.050781
I (14399) sensors;14228645;A;0.175781;-0.113281;0.101562
I (14409) sensors;14238630;A;0.148438;-0.160156;0.140625
I (14419) sensors;14248548;A;0.007812;-0.128906;0.0625
I (14429) sensors;14258738;A;-0.136719;-0.023438;-0.011719
I (14429) sensors;14261983;U;0.327833;;
I (14439) sensors;14268688;A;-0.203125;0.082031;0.0625
I (14439) sensors;14269940;B;994.084106;;
I (14449) sensors;14278603;A;-0.242188;0.183594;-0.011719
I (14459) sensors;14287950;A;-0.042969;0.136719;0.054688
I (14469) sensors;14298433;A;0.03125;0.128906;0.132812
I (14479) sensors;14308421;A;0.0625;0.121094;0.246094
I (14489) sensors;14318457;A;0.023438;0.035156;0.207031
I (14499) sensors;14328405;A;-0.011719;-0.183594;0.285156
I (14509) sensors;14338545;A;0.03125;-0.261719;0.246094
I (14519) sensors;14348376;A;0.03125;-0.253906;0.246094
I (14529) sensors;14358442;A;0.078125;-0.101562;0.09375
I (14529) sensors;14362034;U;0.333843;;
I (14539) sensors;14368390;A;0.164062;0.023438;0.132812
I (14539) sensors;14371170;B;994.084106;;
I (14549) sensors;14378301;A;0.132812;0.105469;0.015625
I (14559) sensors;14388274;A;-0.011719;0.191406;0.015625
I (14569) sensors;14397778;A;-0.339844;0.191406;-0.019531
I (14579) sensors;14408088;A;-0.296875;-0.046875;0.132812
I (14589) sensors;14418369;A;-0.25;-0.246094;0.09375
I (14599) sensors;14428204;A;-0.203125;-0.261719;0.09375
I (14609) sensors;14438302;A;-0.019531;-0.078125;0.085938
I (14619) sensors;14448165;A;0.140625;-0.007812;0.125
I (14629) sensors;14458152;A;0.300781;0.089844;0.007812
I (14629) sensors;14462061;U;0.341914;;
I (14639) sensors;14468159;A;0.308594;0.050781;-0.066406
I (14639) sensors;14472679;B;994.084778;;
I (14649) sensors;14478161;A;0.242188;0.050781;-0.066406
I (14659) sensors;14487964;A;0.132812;0.011719;0.046875
I (14669) sensors;14497998;A;0.074219;0.011719;-0.027344
I (14679) sensors;14507504;A;0.042969;0.019531;0.007812
I (14689) sensors;14518139;A;0.011719;0.019531;0.046875
I (14699) sensors;14527886;A;-0.027344;-0.015625;0.085938
I (14709) sensors;14537980;A;-0.054688;-0.054688;0.125
I (14729) sensors;14562132;U;0.351188;;
I (14739) sensors;14574522;B;994.08313;;
I (14829) sensors;14662178;U;0.361148;;
I (14839) sensors;14676005;B;994.078796;;
I (14929) sensors;14762235;U;0.369048;;
I (14949) sensors;14779000;B;994.07782;;
I (15029) sensors;14862301;U;0.378836;;
I (15049) sensors;14881054;B;994.070862;;
I (15099) sensors;14930657;A;9.3125;-2.460938;12.144531
I (15129) sensors;14962377;U;0.392231;;
I (15149) sensors;14983305;B;994.063232;;
I (15229) sensors;15062404;U;0.397383;;
I (15249) sensors;15085374;B;994.063232;;
I (15329) sensors;15162461;U;0.407172;;
I (15349) sensors;15186822;B;994.063232;;
I (15429) sensors;15262528;U;0.418163;;
I (15459) sensors;15288974;B;994.064819;;
I (15529) sensors;15362590;U;0.429497;;
I (15559) sensors;15391314;B;994.064819;;
I (15629) sensors;15462683;U;0.444609;;
I (15659) sensors;15493295;B;994.061523;;
I (15729) sensors;15562724;U;0.452165;;
I (15759) sensors;15595496;B;994.063843;;
I (15829) sensors;15662802;U;0.46556;;
I (15869) sensors;15697631;B;994.062256;;
I (15929) sensors;15762858;U;0.475177;;
I (15969) sensors;15799628;B;994.056213;;
I (16029) sensors;15862964;U;0.492865;;
I (16069) sensors;15901548;B;994.052917;;
I (16129) sensors;15963014;U;0.502482;;
I (16169) sensors;16003487;B;994.046204;;
I (16229) sensors;16063108;U;0.518281;;
I (16269) sensors;16105728;B;994.051208;;
I (16329) sensors;16163221;U;0.536828;;
I (16379) sensors;16207720;B;994.049561;;
I (16429) sensors;16263298;U;0.551253;;
I (16479) sensors;16309619;B;994.052917;;
I (16529) sensors;16363385;U;0.566194;;
I (16579) sensors;16411671;B;994.057251;;
I (16629) sensors;16463595;U;0.597449;;
I (16679) sensors;16513835;B;994.055542;;
I (16729) sensors;16563630;U;0.613248;;
I (16779) sensors;16615933;B;994.053223;;
I (16829) sensors;16663789;U;0.637462;;
I (16889) sensors;16717897;B;994.043884;;
I (16929) sensors;16763893;U;0.65515;;
I (16989) sensors;16819880;B;994.043152;;
I (17029) sensors;16864022;U;0.677303;;
I (17089) sensors;16922047;B;994.041504;;
I (17129) sensors;16964102;U;0.691213;;
I (17189) sensors;17024177;B;994.036499;;
I (17229) sensors;17064202;U;0.70976;;
I (17289) sensors;17126075;B;994.033142;;
I (17329) sensors;17164341;U;0.732944;;
I (17399) sensors;17228098;B;994.028137;;
I (17429) sensors;17262935;U;0.492522;;
I (17499) sensors;17330234;B;994.028137;;
I (17529) sensors;17362964;U;0.496815;;
I (17599) sensors;17432276;B;994.023193;;
I (17629) sensors;17463045;U;0.508836;;
I (17699) sensors;17534319;B;994.013855;;
I (17729) sensors;17563151;U;0.528241;;
I (17799) sensors;17628874;A;0.257812;-1.441406;0.433594
I (17799) sensors;17636571;B;994.007874;;
I (17829) sensors;17663253;U;0.546273;;
I (17909) sensors;17738219;B;994.012878;;
I (17929) sensors;17763300;U;0.554516;;
I (18009) sensors;17840219;B;994.015503;;
I (18029) sensors;17863502;U;0.58869;;
I (18109) sensors;17942153;B;994.010498;;
I (18129) sensors;17963608;U;0.607066;;
I (18209) sensors;18044178;B;994.002136;;
I (18229) sensors;18063609;U;0.607409;;
I (18309) sensors;18146351;B;994.003113;;
I (18329) sensors;18163654;U;0.61445;;
I (18419) sensors;18248191;B;993.999756;;
I (18429) sensors;18263685;U;0.620632;;
I (18519) sensors;18350186;B;994.003113;;
I (18529) sensors;18363816;U;0.64227;;
I (18619) sensors;18452078;B;993.993835;;
I (18629) sensors;18463914;U;0.659958;;
I (18719) sensors;18554116;B;993.990479;;
I (18729) sensors;18563918;U;0.659958;;
I (18819) sensors;18656094;B;993.991455;;
I (18829) sensors;18664001;U;0.669747;;
I (18929) sensors;18758096;B;993.993103;;
I (18929) sensors;18763979;U;0.671464;;
I (19029) sensors;18860009;B;993.990479;;
I (19029) sensors;18864005;U;0.673182;;
I (19129) sensors;18962009;B;993.985474;;
I (19129) sensors;18963988;U;0.669747;;
I (19229) sensors;19063867;U;0.647422;;
I (19229) sensors;19063921;B;993.987122;;
I (19329) sensors;19163836;U;0.644159;;
I (19329) sensors;19165957;B;993.98114;;
I (19429) sensors;19263675;U;0.616167;;
I (19439) sensors;19267788;B;993.977783;;
I (19529) sensors;19363672;U;0.614622;;
I (19539) sensors;19369709;B;993.977783;;
I (19629) sensors;19463553;U;0.594701;;
I (19639) sensors;19471725;B;993.977783;;
I (19729) sensors;19563428;U;0.572204;;
I (19739) sensors;19574543;B;993.974426;;
I (19829) sensors;19663369;U;0.562416;;
I (19839) sensors;19676431;B;993.98114;;
I (19929) sensors;19764852;U;0.817435;;
I (19949) sensors;19778399;B;993.99115;;
I (20029) sensors;19863138;U;0.523605;;
I (20049) sensors;19880387;B;993.99884;;
I (20129) sensors;19964644;U;0.781543;;
I (20149) sensors;19982097;B;993.99884;;
I (20229) sensors;20064584;U;0.772098;;
I (20249) sensors;20084007;B;994.004822;;
I (20329) sensors;20164463;U;0.75046;;
I (20349) sensors;20185951;B;994.00647;;
I (20429) sensors;20264342;U;0.730539;;
I (20459) sensors;20287886;B;994.009827;;
I (20529) sensors;20364280;U;0.719033;;
I (20559) sensors;20389839;B;994.012451;;
I (20629) sensors;20464197;U;0.705639;;
I (20659) sensors;20491835;B;994.017456;;
I (20729) sensors;20564110;U;0.688981;;
I (20759) sensors;20594089;B;994.017456;;
I (20829) sensors;20664068;U;0.682283;;
I (20859) sensors;20695842;B;994.019165;;
I (20929) sensors;20763996;U;0.669232;;
I (20969) sensors;20798003;B;994.025757;;
I (21029) sensors;20863944;U;0.661504;;
I (21069) sensors;20900018;B;994.027466;;
I (21129) sensors;20963910;U;0.65515;;
I (21169) sensors;21002030;B;994.023438;;
I (21229) sensors;21063907;U;0.655322;;
I (21269) sensors;21103849;B;994.021118;;
I (21329) sensors;21163909;U;0.655493;;
I (21369) sensors;21205795;B;994.021118;;
I (21429) sensors;21263924;U;0.658069;;
I (21479) sensors;21307741;B;994.021118;;
I (21529) sensors;21363929;U;0.659615;;
I (21579) sensors;21409592;B;994.022095;;
I (21629) sensors;21463951;U;0.665282;;
I (21679) sensors;21511389;B;994.022095;;
I (21729) sensors;21564061;U;0.684172;;
I (21779) sensors;21613382;B;994.023682;;
I (21829) sensors;21664120;U;0.693961;;
I (21879) sensors;21715403;B;994.028076;;
I (21929) sensors;21764246;U;0.71766;;
I (21989) sensors;21817183;B;994.028076;;
I (22029) sensors;21864312;U;0.728994;;
I (22089) sensors;21919245;B;994.024719;;
I (22129) sensors;21964464;U;0.753036;;
I (22189) sensors;22021351;B;994.021362;;
I (22229) sensors;22064602;U;0.777765;;
I (22289) sensors;22123547;B;994.015686;;
I (22329) sensors;22164642;U;0.784978;;
I (22389) sensors;22225401;B;994.010681;;
I (22429) sensors;22263202;U;0.537171;;
I (22499) sensors;22327547;B;994.013306;;
I (22529) sensors;22363403;U;0.572204;;
I (22599) sensors;22429537;B;994.010986;;
I (22629) sensors;22463385;U;0.568426;;
I (22699) sensors;22531564;B;994.005981;;
I (22729) sensors;22563563;U;0.595903;;
I (22799) sensors;22633601;B;994.011963;;
I (22829) sensors;22663716;U;0.621834;;
I (22899) sensors;22735576;B;994.01532;;
I (22929) sensors;22763615;U;0.607924;;
I (23009) sensors;22837362;B;994.01532;;
I (23029) sensors;22863737;U;0.62939;;
I (23109) sensors;22939487;B;994.012573;;
I (23129) sensors;22963832;U;0.645533;;
I (23209) sensors;23041286;B;994.014282;;
I (23229) sensors;23063973;U;0.67009;;
I (23309) sensors;23143088;B;994.009277;;
I (23329) sensors;23163966;U;0.668545;;
I (23409) sensors;23245092;B;994.001953;;
I (23429) sensors;23263881;U;0.653433;;
I (23519) sensors;23347001;B;994.007629;;
I (23529) sensors;23363807;U;0.64124;;
I (23619) sensors;23449229;B;994.00592;;
I (23629) sensors;23463691;U;0.621319;;
I (23719) sensors;23551413;B;993.999268;;
I (23729) sensors;23563731;U;0.628188;;
I (23819) sensors;23653183;B;993.99762;;
I (23829) sensors;23663562;U;0.599338;;
I (23919) sensors;23755369;B;994.000916;;
I (23929) sensors;23763544;U;0.591782;;
I (24029) sensors;23857021;B;993.996948;;
I (24029) sensors;23863409;U;0.566709;;
I (24129) sensors;23959197;B;993.998596;;
I (24129) sensors;23963358;U;0.563618;;
I (24229) sensors;24061132;B;994.000244;;
I (24229) sensors;24063236;U;0.540606;;
I (24329) sensors;24163087;B;994.000244;;
I (24329) sensors;24163198;U;0.532706;;
I (24429) sensors;24263121;U;0.521372;;
I (24429) sensors;24264825;B;994.000244;;
I (24529) sensors;24362971;U;0.494754;;
I (24529) sensors;24367047;B;994.002625;;
I (24629) sensors;24464484;U;0.754238;;
I (24639) sensors;24468974;B;994.009277;;
I (24729) sensors;24564422;U;0.743591;;
I (24739) sensors;24570690;B;994.004272;;
I (24829) sensors;24664319;U;0.725731;;
I (24839) sensors;24672931;B;994.007629;;
I (24929) sensors;24764441;U;0.71371;;
I (24939) sensors;24774922;B;994.002625;;
I (25029) sensors;24864164;U;0.6998;;
I (25039) sensors;24877015;B;994.002625;;
I (25129) sensors;24964143;U;0.695507;;
I (25149) sensors;24979064;B;994.009277;;
I (25229) sensors;25064290;U;0.688981;;
I (25249) sensors;25080834;B;994.013611;;
I (25329) sensors;25164107;U;0.689496;;
I (25349) sensors;25183118;B;994.015259;;
I (25429) sensors;25264145;U;0.69482;;
I (25449) sensors;25285195;B;994.015259;;
I (25529) sensors;25364126;U;0.6919;;
I (25549) sensors;25387206;B;994.02124;;
I (25629) sensors;25464163;U;0.699456;;
I (25659) sensors;25489043;B;994.02124;;
I (25729) sensors;25564198;U;0.705123;;
I (25759) sensors;25591158;B;994.024597;;
I (25829) sensors;25664286;U;0.719205;;
I (25859) sensors;25693266;B;994.01886;;
I (25929) sensors;25764361;U;0.732772;;
I (25959) sensors;25794961;B;994.013855;;
I (26029) sensors;25864440;U;0.74651;;
I (26059) sensors;25896962;B;994.023193;;
I (26129) sensors;25962926;U;0.485824;;
I (26169) sensors;25998834;B;994.023193;;
I (26229) sensors;26064568;U;0.768663;;
I (26269) sensors;26100776;B;994.02655;;
I (26329) sensors;26164559;U;0.767118;;
I (26369) sensors;26202779;B;994.031555;;
I (26429) sensors;26262990;U;0.497158;;
I (26469) sensors;26304714;B;994.028198;;
I (26529) sensors;26364500;U;0.757501;;
I (26569) sensors;26406676;B;994.027527;;
I (26629) sensors;26464436;U;0.745995;;
I (26679) sensors;26508843;B;994.02417;;
I (26729) sensors;26564395;U;0.739641;;
I (26779) sensors;26610890;B;994.022522;;
I (26829) sensors;26664306;U;0.724357;;
I (26879) sensors;26712618;B;994.019165;;
I (26929) sensors;26764296;U;0.721953;;
I (26979) sensors;26814473;B;994.017517;;
I (27029) sensors;26864367;U;0.73655;;
I (27079) sensors;26916637;B;994.015869;;
I (27129) sensors;26962871;U;0.479642;;
I (27189) sensors;27018466;B;994.021851;;
I (27229) sensors;27062858;U;0.477581;;
I (27289) sensors;27120282;B;994.020142;;
I (27329) sensors;27164504;U;0.760592;;
I (27389) sensors;27222212;B;994.015137;;
I (27429) sensors;27262986;U;0.500078;;
I (27489) sensors;27323961;B;994.021118;;
I (27529) sensors;27364608;U;0.778795;;
I (27589) sensors;27425886;B;994.022827;;
I (27629) sensors;27464630;U;0.781028;;
I (27699) sensors;27527991;B;994.026123;;
I (27729) sensors;27563040;U;0.506603;;
I (27799) sensors;27630049;B;994.02948;;
I (27829) sensors;27664490;U;0.75836;;
I (27899) sensors;27732165;B;994.032166;;
I (27929) sensors;27762851;U;0.476722;;
I (27999) sensors;27834010;B;994.035461;;
I (28029) sensors;27864342;U;0.7326;;
I (28099) sensors;27936132;B;994.038147;;
I (28129) sensors;27964219;U;0.710104;;
I (28209) sensors;28038213;B;994.033142;;
I (28229) sensors;28064127;U;0.693961;;
I (28309) sensors;28140226;B;994.030457;;
I (28329) sensors;28164032;U;0.677647;;
I (28409) sensors;28242157;B;994.033813;;
I (28429) sensors;28263938;U;0.662363;;
I (28509) sensors;28343976;B;994.035461;;
I (28529) sensors;28363844;U;0.646563;;
I (28609) sensors;28445847;B;994.030457;;
I (28629) sensors;28463761;U;0.631966;;
I (28719) sensors;28547932;B;994.030457;;
I (28729) sensors;28563673;U;0.617198;;
I (28819) sensors;28649809;B;994.028809;;
I (28829) sensors;28663595;U;0.603459;;
I (28919) sensors;28751876;B;994.027161;;
I (28929) sensors;28763514;U;0.58869;;
I (29019) sensors;28853751;B;994.027161;;
I (29029) sensors;28863508;U;0.577013;;
I (29119) sensors;28955528;B;994.027161;;
I (29129) sensors;28963327;U;0.554688;;
I (29229) sensors;29057755;B;994.025452;;
I (29229) sensors;29064681;U;0.541121;;
I (29329) sensors;29159637;B;994.028137;;
I (29329) sensors;29163101;U;0.517938;;
I (29429) sensors;29261713;B;994.040771;;
I (29429) sensors;29262989;U;0.498017;;
I (29529) sensors;29362356;U;0.38811;;
I (29529) sensors;29363650;B;994.044128;;
I (29629) sensors;29462782;U;0.462297;;
I (29629) sensors;29465684;B;994.042419;;
I (29729) sensors;29562682;U;0.444609;;
I (29739) sensors;29567519;B;994.045776;;
I (29829) sensors;29662585;U;0.427779;;
I (29839) sensors;29669517;B;994.050781;;
I (29929) sensors;29762475;U;0.409404;;
I (29939) sensors;29771405;B;994.055054;;
I (30029) sensors;29862380;U;0.392575;;
I (30039) sensors;29873169;B;994.06012;;
I (30129) sensors;29962261;U;0.372311;;
I (30139) sensors;29975063;B;994.063416;;
I (30229) sensors;30062194;U;0.360976;;
I (30239) sensors;30077126;B;994.06012;;
I (30329) sensors;30162135;U;0.350501;;
I (30349) sensors;30179061;B;994.065125;;
I (30429) sensors;30262072;U;0.340025;;
I (30449) sensors;30281013;B;994.065125;;
I (30529) sensors;30362029;U;0.331954;;
I (30549) sensors;30382997;B;994.076111;;
I (30629) sensors;30461993;U;0.326459;;
I (30649) sensors;30484970;B;994.081116;;
I (30729) sensors;30561963;U;0.321307;;
I (30749) sensors;30587015;B;994.082764;;
I (30829) sensors;30661932;U;0.316155;;
I (30859) sensors;30688905;B;994.084473;;
I (30929) sensors;30761925;U;0.314781;;
I (30959) sensors;30790924;B;994.079468;;
I (31029) sensors;30861928;U;0.315125;;
I (31059) sensors;30892925;B;994.076111;;
I (31129) sensors;30961925;U;0.314094;;
I (31159) sensors;30994818;B;994.074463;;
I (31229) sensors;31061921;U;0.313751;;
I (31259) sensors;31096691;B;994.070129;;
I (31329) sensors;31161919;U;0.313922;;
I (31369) sensors;31198605;B;994.076111;;
I (31429) sensors;31261919;U;0.313751;;
I (31469) sensors;31300440;B;994.072754;;
I (31529) sensors;31361925;U;0.313751;;
I (31569) sensors;31402555;B;994.071777;;
I (31629) sensors;31461923;U;0.314266;;
I (31669) sensors;31504309;B;994.064148;;
I (31729) sensors;31561920;U;0.314781;;
I (31769) sensors;31606626;B;994.061462;;
I (31819) sensors;31646232;A;-0.496094;0.699219;0.308594
I (31829) sensors;31661923;U;0.313579;;
I (31879) sensors;31708518;B;994.066467;;
I (31929) sensors;31761914;U;0.313064;;
I (31979) sensors;31810051;B;994.067444;;
I (32029) sensors;31861917;U;0.312205;;
I (32079) sensors;31911903;B;994.065796;;
I (32129) sensors;31961904;U;0.312377;;
I (32179) sensors;32013571;B;994.063416;;
I (32229) sensors;32061936;U;0.312205;;
I (32279) sensors;32115462;B;994.066772;;
I (32329) sensors;32161889;U;0.313064;;
I (32389) sensors;32217372;B;994.074463;;
I (32429) sensors;32261887;U;0.312205;;
I (32489) sensors;32319229;B;994.075439;;
I (32529) sensors;32361891;U;0.312205;;
I (32589) sensors;32420914;B;994.075439;;
I (32629) sensors;32461910;U;0.312892;;
I (32689) sensors;32522816;B;994.07373;;
I (32729) sensors;32561904;U;0.313064;;
I (32789) sensors;32624616;B;994.074707;;
I (32829) sensors;32661902;U;0.312892;;
I (32889) sensors;32726408;B;994.073059;;
I (32929) sensors;32761901;U;0.312892;;
I (32999) sensors;32828185;B;994.076416;;
I (33029) sensors;32861902;U;0.312892;;
I (33099) sensors;32930046;B;994.07373;;
I (33129) sensors;32961900;U;0.313064;;
I (33199) sensors;33031862;B;994.072083;;
I (33229) sensors;33061900;U;0.312892;;
I (33299) sensors;33133680;B;994.070374;;
I (33329) sensors;33161902;U;0.313064;;
I (33399) sensors;33235559;B;994.067017;;
I (33429) sensors;33261900;U;0.313064;;
I (33509) sensors;33337406;B;994.067017;;
I (33529) sensors;33361911;U;0.314094;;
I (33609) sensors;33439221;B;994.067017;;
I (33629) sensors;33461902;U;0.313751;;
I (33709) sensors;33541090;B;994.068054;;
I (33729) sensors;33561896;U;0.313751;;
I (33809) sensors;33642918;B;994.069702;;
I (33829) sensors;33661904;U;0.312205;;
I (33909) sensors;33744663;B;994.07135;;
I (33929) sensors;33761896;U;0.312377;;
I (34009) sensors;33846427;B;994.07135;;
I (34029) sensors;33861920;U;0.316842;;
I (34119) sensors;33948138;B;994.07135;;
I (34129) sensors;33961932;U;0.316842;;
I (34219) sensors;34049968;B;994.07135;;
I (34229) sensors;34061928;U;0.316842;;
I (34319) sensors;34151754;B;994.068054;;
I (34329) sensors;34161929;U;0.316842;;
I (34419) sensors;34253612;B;994.072327;;
I (34429) sensors;34261901;U;0.312205;;
I (34519) sensors;34355458;B;994.073975;;
I (34529) sensors;34361925;U;0.31169;;
I (34629) sensors;34457296;B;994.072327;;
I (34629) sensors;34461910;U;0.313235;;
I (34729) sensors;34559122;B;994.078308;;
I (34729) sensors;34561919;U;0.315468;;
I (34829) sensors;34661018;B;994.081665;;
I (34829) sensors;34661911;U;0.313922;;
I (34929) sensors;34761932;U;0.318216;;
I (34929) sensors;34763008;B;994.085022;;
I (35029) sensors;34861935;U;0.316842;;
I (35029) sensors;34864799;B;994.085022;;
I (35129) sensors;34961915;U;0.31272;;
I (35129) sensors;34966600;B;994.083374;;
I (35229) sensors;35061936;U;0.317014;;
I (35239) sensors;35068468;B;994.078308;;
I (35329) sensors;35161905;U;0.312377;;
I (35339) sensors;35170315;B;994.087646;;
I (35429) sensors;35261914;U;0.313064;;
I (35439) sensors;35272132;B;994.087646;;
I (35529) sensors;35361917;U;0.312892;;
I (35539) sensors;35373990;B;994.09436;;
I (35629) sensors;35461918;U;0.31272;;
I (35639) sensors;35475826;B;994.096008;;
I (35729) sensors;35561915;U;0.31272;;
I (35749) sensors;35577635;B;994.09436;;
I (35829) sensors;35661914;U;0.31272;;
I (35849) sensors;35679539;B;994.096008;;
I (35929) sensors;35761911;U;0.31272;;
I (35949) sensors;35781298;B;994.101013;;
I (36029) sensors;35861916;U;0.31272;;
I (36049) sensors;35882904;B;994.099365;;
I (36129) sensors;35961939;U;0.316842;;
I (36149) sensors;35984911;B;994.093384;;
I (36229) sensors;36061918;U;0.312892;;
I (36249) sensors;36086711;B;994.090027;;
I (36329) sensors;36161940;U;0.316842;;
I (36359) sensors;36188516;B;994.088379;;
I (36429) sensors;36261941;U;0.316842;;
I (36459) sensors;36290332;B;994.083374;;
I (36529) sensors;36361912;U;0.312892;;
I (36559) sensors;36392206;B;994.080017;;
I (36629) sensors;36461919;U;0.312892;;
I (36659) sensors;36493956;B;994.081665;;
I (36729) sensors;36561911;U;0.31272;;
I (36759) sensors;36595830;B;994.083374;;
I (36829) sensors;36661913;U;0.312892;;
I (36869) sensors;36697697;B;994.080994;;
I (36929) sensors;36761915;U;0.31272;;
I (36969) sensors;36799660;B;994.075012;;
I (37029) sensors;36861915;U;0.31272;;
I (37069) sensors;36901468;B;994.077637;;
I (37129) sensors;36961935;U;0.316842;;
I (37169) sensors;37003340;B;994.077637;;
I (37229) sensors;37061918;U;0.312892;;
I (37269) sensors;37105178;B;994.082642;;
I (37329) sensors;37161916;U;0.31272;;
I (37369) sensors;37207088;B;994.082642;;
I (37429) sensors;37261916;U;0.31272;;
I (37479) sensors;37308788;B;994.082642;;
I (37529) sensors;37361917;U;0.312892;;
I (37579) sensors;37410833;B;994.085022;;
I (37629) sensors;37462367;U;0.31272;;
I (37679) sensors;37512562;B;994.090027;;
I (37729) sensors;37562974;U;0.31272;;
I (37779) sensors;37614541;B;994.087341;;
I (37829) sensors;37661908;U;0.314266;;
I (37879) sensors;37716350;B;994.091675;;
I (37929) sensors;37761913;U;0.31272;;
I (37989) sensors;37818144;B;994.088379;;
I (38029) sensors;37862159;U;0.31272;;
I (38089) sensors;37919993;B;994.080017;;
I (38129) sensors;37961902;U;0.31272;;
I (38189) sensors;38021886;B;994.081665;;
I (38229) sensors;38061903;U;0.31272;;
I (38289) sensors;38123747;B;994.080017;;
I (38329) sensors;38161902;U;0.313407;;
I (38389) sensors;38225457;B;994.072327;;
I (38429) sensors;38261902;U;0.313407;;
I (38499) sensors;38327379;B;994.065674;;
I (38529) sensors;38361909;U;0.314094;;
I (38599) sensors;38429256;B;994.062317;;
I (38629) sensors;38461928;U;0.317529;;
I (38699) sensors;38531019;B;994.059692;;
I (38729) sensors;38561930;U;0.318216;;
I (38799) sensors;38632889;B;994.06134;;
I (38829) sensors;38661929;U;0.318387;;
I (38899) sensors;38734724;B;994.060669;;
I (38929) sensors;38761905;U;0.313922;;
I (38999) sensors;38836515;B;994.062317;;
I (39029) sensors;38861911;U;0.312549;;
I (39109) sensors;38938762;B;994.065674;;
I (39129) sensors;38961901;U;0.313751;;
I (39209) sensors;39040792;B;994.066345;;
I (39229) sensors;39061904;U;0.314094;;
I (39309) sensors;39142693;B;994.069702;;
I (39329) sensors;39161902;U;0.313751;;
I (39409) sensors;39244573;B;994.074707;;
I (39429) sensors;39261900;U;0.313751;;
I (39509) sensors;39346448;B;994.07373;;
I (39529) sensors;39361904;U;0.314094;;
I (39619) sensors;39448320;B;994.078735;;
I (39629) sensors;39461900;U;0.313579;;
I (39719) sensors;39550244;B;994.078064;;
I (39729) sensors;39561900;U;0.313751;;
I (39819) sensors;39652266;B;994.079773;;
I (39829) sensors;39661902;U;0.313922;;
I (39919) sensors;39754231;B;994.081421;;
I (39929) sensors;39761963;U;0.313922;;
I (40019) sensors;39856089;B;994.08374;;
I (40029) sensors;39861909;U;0.314266;;
I (40129) sensors;39958356;B;994.085449;;
I (40129) sensors;39961899;U;0.313922;;
I (40229) sensors;40060359;B;994.092102;;
I (40229) sensors;40061916;U;0.31272;;
I (40329) sensors;40161907;U;0.312549;;
I (40329) sensors;40162185;B;994.095459;;
I (40429) sensors;40261909;U;0.312892;;
I (40429) sensors;40264189;B;994.093811;;
I (40529) sensors;40361912;U;0.312377;;
I (40529) sensors;40366087;B;994.095459;;
I (40629) sensors;40461916;U;0.31272;;
I (40639) sensors;40467843;B;994.095459;;
I (40729) sensors;40561912;U;0.312549;;
I (40739) sensors;40569647;B;994.091125;;
I (40829) sensors;40661912;U;0.31272;;
I (40839) sensors;40671711;B;994.087769;;
I (40929) sensors;40761915;U;0.312892;;
I (40939) sensors;40773813;B;994.087769;;
I (41029) sensors;40861913;U;0.313064;;
I (41039) sensors;40875607;B;994.089478;;
I (41129) sensors;40961901;U;0.312377;;
I (41149) sensors;40977513;B;994.082764;;
I (41229) sensors;41061916;U;0.312549;;
I (41249) sensors;41079515;B;994.086121;;
I (41329) sensors;41161909;U;0.312205;;
I (41349) sensors;41181473;B;994.084473;;
I (41429) sensors;41261914;U;0.312549;;
I (41449) sensors;41283237;B;994.082764;;
I (41529) sensors;41361912;U;0.312549;;
I (41549) sensors;41385228;B;994.08374;;
I (41629) sensors;41461916;U;0.31272;;
I (41659) sensors;41487206;B;994.078735;;
I (41729) sensors;41561909;U;0.312549;;
I (41759) sensors;41589001;B;994.081116;;
I (41829) sensors;41661913;U;0.312549;;
I (41859) sensors;41690912;B;994.079468;;
I (41929) sensors;41761910;U;0.312549;;
I (41959) sensors;41792807;B;994.081116;;
I (42029) sensors;41862909;U;0.312549;;
I (42059) sensors;41894751;B;994.077759;;
I (42129) sensors;41961912;U;0.312549;;
I (42159) sensors;41996692;B;994.076111;;
I (42229) sensors;42061914;U;0.312549;;
I (42269) sensors;42098520;B;994.069458;;
I (42329) sensors;42161914;U;0.31272;;
I (42369) sensors;42200354;B;994.070374;;
I (42429) sensors;42261913;U;0.312549;;
I (42469) sensors;42302360;B;994.070374;;
I (42529) sensors;42361914;U;0.31272;;
I (42569) sensors;42404318;B;994.06543;;
I (42629) sensors;42461915;U;0.312549;;
I (42669) sensors;42506179;B;994.06543;;
I (42729) sensors;42561911;U;0.312377;;
I (42779) sensors;42608133;B;994.060425;;
I (42829) sensors;42661908;U;0.312549;;
I (42879) sensors;42710174;B;994.057068;;
I (42929) sensors;42761906;U;0.313922;;
I (42979) sensors;42812342;B;994.062073;;
I (43029) sensors;42861939;U;0.31272;;
I (43079) sensors;42914083;B;994.061096;;
I (43129) sensors;42962834;U;0.312377;;
I (43179) sensors;43016263;B;994.059448;;
I (43229) sensors;43061907;U;0.312377;;
I (43289) sensors;43118269;B;994.059448;;
I (43329) sensors;43161907;U;0.312549;;
I (43389) sensors;43220132;B;994.062744;;
I (43429) sensors;43261905;U;0.312377;;
I (43489) sensors;43322374;B;994.064453;;
I (43529) sensors;43361905;U;0.312549;;
I (43589) sensors;43424311;B;994.067749;;
I (43629) sensors;43461907;U;0.312377;;
I (43689) sensors;43526315;B;994.067749;;
I (43729) sensors;43561902;U;0.312549;;
I (43799) sensors;43628230;B;994.071106;;
I (43829) sensors;43661899;U;0.312377;;
I (43899) sensors;43729968;B;994.071106;;
I (43929) sensors;43761902;U;0.312549;;
I (43999) sensors;43831885;B;994.072754;;
I (44029) sensors;43861905;U;0.312549;;
I (44099) sensors;43933815;B;994.071106;;
I (44129) sensors;43961929;U;0.316842;;
I (44199) sensors;44035514;B;994.071106;;
I (44229) sensors;44061901;U;0.312549;;
I (44309) sensors;44137722;B;994.072754;;
I (44329) sensors;44161900;U;0.312377;;
I (44409) sensors;44239735;B;994.072754;;
I (44429) sensors;44261905;U;0.312549;;
I (44509) sensors;44341638;B;994.069458;;
I (44529) sensors;44361902;U;0.312549;;
I (44609) sensors;44443468;B;994.066101;;
I (44629) sensors;44461902;U;0.31272;;
I (44709) sensors;44545158;B;994.066101;;
I (44729) sensors;44561909;U;0.312549;;
I (44819) sensors;44647176;B;994.069458;;
I (44829) sensors;44661907;U;0.312549;;
I (44919) sensors;44749098;B;994.072754;;
I (44929) sensors;44761903;U;0.312549;;
I (45019) sensors;44850893;B;994.074463;;
I (45029) sensors;44861927;U;0.316842;;
I (45119) sensors;44953132;B;994.076111;;
I (45129) sensors;44961903;U;0.31272;;
I (45219) sensors;45054965;B;994.077759;;
I (45229) sensors;45062287;U;0.312377;;
I (45319) sensors;45156933;B;994.086121;;
